key,relative_path,img_name,arg_label,arg_bounding_box,ref_label,ref_bounding_box,overlap,proximity,f0,f2,hybrid,level_one_summary
000000000136_person_1_giraffe_1,000000000136.jpg,000000000136,person_1,"[0, 61, 66, 359]",giraffe_1,"[309, 129, 451, 293]",0.0,-0.6803821485438771,169,180,180,person_1 is to the left of giraffe_1
000000000136_giraffe_1_giraffe_2,000000000136.jpg,000000000136,giraffe_1,"[309, 129, 451, 293]",giraffe_2,"[80, 105, 270, 372]",0.0,-0.2527736555720444,20,0,0,giraffe_1 is to the right of giraffe_2
000000000136_person_1_giraffe_2,000000000136.jpg,000000000136,person_1,"[0, 61, 66, 359]",giraffe_2,"[80, 105, 270, 372]",0.0,-0.16162915326902466,167,172,172,person_1 is to the left of giraffe_2
000000000149_kite_1_kite_2,000000000149.jpg,000000000149,kite_1,"[439, 193, 452, 206]",kite_2,"[435, 82, 446, 96]",0.0,-0.8467741935483871,270,270,270,kite_1 is below kite_2
000000000149_person_1_kite_1,000000000149.jpg,000000000149,person_1,"[334, 317, 343, 331]",kite_1,"[439, 193, 452, 206]",0.0,-0.9818840579710145,234,234,234,person_1 is below and to the left of kite_1
000000000149_person_1_kite_2,000000000149.jpg,000000000149,person_1,"[334, 317, 343, 331]",kite_2,"[435, 82, 446, 96]",0.0,-0.9899598393574297,249,249,249,person_1 is below kite_2
000000000201_person_1_snowboard_1,000000000201.jpg,000000000201,person_1,"[615, 195, 627, 212]",snowboard_1,"[244, 26, 380, 379]",0.0,-0.6433997292879385,317,0,0,person_1 is to the right of snowboard_1
000000000241_person_1_cup_1,000000000241.jpg,000000000241,person_1,"[136, 20, 325, 607]",cup_1,"[0, 598, 42, 640]",0.0,-0.44066004962779154,56,0,0,person_1 is to the right of cup_1
000000000241_person_1_cup_2,000000000241.jpg,000000000241,person_1,"[136, 20, 325, 607]",cup_2,"[104, 596, 149, 639]",0.0012684614361112344,-0.17463925718756293,68,4,0,person_1 overlaps and is to the right of cup_2
000000000241_person_1_bottle_1,000000000241.jpg,000000000241,person_1,"[136, 20, 325, 607]",bottle_1,"[39, 550, 67, 635]",0.0,-0.35571664108249473,59,0,0,person_1 is to the right of bottle_1
000000000241_person_1_sofa_1,000000000241.jpg,000000000241,person_1,"[136, 20, 325, 607]",sofa_1,"[312, 272, 479, 569]",0.024642426331207997,-0.1971703192099386,127,100,138,person_1 overlaps and is above and to the left of sofa_1
000000000241_person_1_remote_1,000000000241.jpg,000000000241,person_1,"[136, 20, 325, 607]",remote_1,"[118, 325, 154, 344]",0.003073190456934897,-0.08106872495673817,60,4,58,person_1 overlaps and is above and to the right of remote_1
000000000241_person_1_sofa_2,000000000241.jpg,000000000241,person_1,"[136, 20, 325, 607]",sofa_2,"[0, 288, 197, 616]",0.12465727098014094,-0.06945733924185184,58,4,58,person_1 overlaps and is above and to the right of sofa_2
000000000241_cup_1_cup_2,000000000241.jpg,000000000241,cup_1,"[0, 598, 42, 640]",cup_2,"[104, 596, 149, 639]",0.0,-0.43578401464307503,180,180,180,cup_1 is to the left of cup_2
000000000241_cup_1_bottle_1,000000000241.jpg,000000000241,cup_1,"[0, 598, 42, 640]",bottle_1,"[39, 550, 67, 635]",0.027522935779816515,-0.3036545103230027,180,20,180,cup_1 overlaps and is to the left of bottle_1
000000000241_cup_1_sofa_1,000000000241.jpg,000000000241,cup_1,"[0, 598, 42, 640]",sofa_1,"[312, 272, 479, 569]",0.0,-0.7086150948534083,203,180,180,cup_1 is to the left of sofa_1
000000000241_cup_1_remote_1,000000000241.jpg,000000000241,cup_1,"[0, 598, 42, 640]",remote_1,"[118, 325, 154, 344]",0.0,-0.9495361781076067,232,232,232,cup_1 is below and to the left of remote_1
000000000241_cup_1_sofa_2,000000000241.jpg,000000000241,cup_1,"[0, 598, 42, 640]",sofa_2,"[0, 288, 197, 616]",0.011520175545532122,-0.04212541744016239,228,105,228,cup_1 overlaps and is below and to the left of sofa_2
000000000241_cup_2_bottle_1,000000000241.jpg,000000000241,cup_2,"[104, 596, 149, 639]",bottle_1,"[39, 550, 67, 635]",0.0,-0.559244126659857,0,0,0,cup_2 is to the right of bottle_1
000000000241_cup_2_sofa_1,000000000241.jpg,000000000241,cup_2,"[104, 596, 149, 639]",sofa_1,"[312, 272, 479, 569]",0.0,-0.6255476839237057,209,180,180,cup_2 is to the left of sofa_1
000000000241_cup_2_remote_1,000000000241.jpg,000000000241,cup_2,"[104, 596, 149, 639]",remote_1,"[118, 325, 154, 344]",0.0,-0.8331847133757961,265,268,268,cup_2 is below remote_1
000000000241_cup_2_sofa_2,000000000241.jpg,000000000241,cup_2,"[104, 596, 149, 639]",sofa_2,"[0, 288, 197, 616]",0.013708854396734246,-0.03685009971551936,301,334,301,cup_2 overlaps and is below and to the right of sofa_2
000000000241_bottle_1_sofa_1,000000000241.jpg,000000000241,bottle_1,"[39, 550, 67, 635]",sofa_1,"[312, 272, 479, 569]",0.0,-0.6745617330328074,205,180,180,bottle_1 is to the left of sofa_1
000000000241_bottle_1_remote_1,000000000241.jpg,000000000241,bottle_1,"[39, 550, 67, 635]",remote_1,"[118, 325, 154, 344]",0.0,-0.9140532959326788,240,240,240,bottle_1 is below and to the left of remote_1
000000000241_bottle_1_sofa_2,000000000241.jpg,000000000241,bottle_1,"[39, 550, 67, 635]",sofa_2,"[0, 288, 197, 616]",0.028366181617240745,-0.018606418918167906,234,337,234,bottle_1 overlaps and is below and to the left of sofa_2
000000000241_sofa_1_remote_1,000000000241.jpg,000000000241,sofa_1,"[312, 272, 479, 569]",remote_1,"[118, 325, 154, 344]",0.0,-0.5310165365567028,339,0,0,sofa_1 is to the right of remote_1
000000000241_sofa_1_sofa_2,000000000241.jpg,000000000241,sofa_1,"[312, 272, 479, 569]",sofa_2,"[0, 288, 197, 616]",0.0,-0.30684687090352963,2,0,0,sofa_1 is to the right of sofa_2
000000000241_remote_1_sofa_2,000000000241.jpg,000000000241,remote_1,"[118, 325, 154, 344]",sofa_2,"[0, 288, 197, 616]",0.010585613470347902,0.010585613470347902,47,89,47,remote_1 overlaps and is above and to the right of sofa_2
000000000257_person_1_backpack_1,000000000257.jpg,000000000257,person_1,"[286, 339, 320, 412]",backpack_1,"[183, 363, 224, 416]",0.0,-0.5587259455872594,11,4,4,person_1 is to the right of backpack_1
000000000257_person_1_person_2,000000000257.jpg,000000000257,person_1,"[286, 339, 320, 412]",person_2,"[138, 327, 151, 362]",0.0,-0.8101486748545572,344,355,355,person_1 is to the right of person_2
000000000257_person_1_person_3,000000000257.jpg,000000000257,person_1,"[286, 339, 320, 412]",person_3,"[541, 327, 556, 367]",0.0,-0.8657080610021787,193,184,184,person_1 is to the left of person_3
000000000257_person_2_backpack_1,000000000257.jpg,000000000257,person_2,"[138, 327, 151, 362]",backpack_1,"[183, 363, 224, 416]",0.0,-0.6566501175855761,141,144,144,person_2 is above and to the left of backpack_1
000000000257_person_3_backpack_1,000000000257.jpg,000000000257,person_3,"[541, 327, 556, 367]",backpack_1,"[183, 363, 224, 416]",0.0,-0.9164683555742988,9,8,8,person_3 is to the right of backpack_1
000000000257_person_2_person_3,000000000257.jpg,000000000257,person_2,"[138, 327, 151, 362]",person_3,"[541, 327, 556, 367]",0.0,-0.9369019138755981,180,180,180,person_2 is to the left of person_3
000000000260_person_1_bus_1,000000000260.jpg,000000000260,person_1,"[258, 121, 324, 320]",bus_1,"[1, 86, 66, 254]",0.0,-0.6817496229260935,347,351,351,person_1 is to the right of bus_1
000000000294_person_1_microwave_1,000000000294.jpg,000000000294,person_1,"[40, 71, 375, 419]",microwave_1,"[507, 312, 636, 426]",0.0,-0.3794971169297665,144,174,174,person_1 is to the left of microwave_1
000000000294_person_1_tvmonitor_1,000000000294.jpg,000000000294,person_1,"[40, 71, 375, 419]",tvmonitor_1,"[0, 65, 118, 215]",0.09128145114101814,0.018196705378306283,320,272,320,person_1 overlaps and is below and to the right of tvmonitor_1
000000000294_microwave_1_tvmonitor_1,000000000294.jpg,000000000294,microwave_1,"[507, 312, 636, 426]",tvmonitor_1,"[0, 65, 118, 215]",0.0,-0.8588564260701406,328,328,328,microwave_1 is below and to the right of tvmonitor_1
000000000308_person_1_person_2,000000000308.jpg,000000000308,person_1,"[0, 23, 179, 415]",person_2,"[380, 43, 568, 421]",0.0,-0.3752565645127044,177,178,178,person_1 is to the left of person_2
000000000308_person_1_person_3,000000000308.jpg,000000000308,person_1,"[0, 23, 179, 415]",person_3,"[135, 21, 275, 419]",0.15876288659793814,0.15136224703649456,130,96,130,person_1 overlaps and is above and to the left of person_3
000000000308_person_1_wine_glass_1,000000000308.jpg,000000000308,person_1,"[0, 23, 179, 415]",wine_glass_1,"[362, 220, 397, 286]",0.0,-0.5342749190356243,152,180,180,person_1 is to the left of wine_glass_1
000000000308_person_1_person_4,000000000308.jpg,000000000308,person_1,"[0, 23, 179, 415]",person_4,"[335, 79, 387, 261]",0.0,-0.4750830564784053,205,180,180,person_1 is to the left of person_4
000000000308_person_1_wine_glass_2,000000000308.jpg,000000000308,person_1,"[0, 23, 179, 415]",wine_glass_2,"[229, 150, 264, 220]",0.0,-0.29829545454545453,222,180,180,person_1 is to the left of wine_glass_2
000000000308_person_2_person_3,000000000308.jpg,000000000308,person_2,"[380, 43, 568, 421]",person_3,"[135, 21, 275, 419]",0.0,-0.2679907621247113,355,359,359,person_2 is to the right of person_3
000000000308_person_2_wine_glass_1,000000000308.jpg,000000000308,person_2,"[380, 43, 568, 421]",wine_glass_1,"[362, 220, 397, 286]",0.015528981896694901,-0.05659307080788207,81,9,79,person_2 overlaps and is above wine_glass_1
000000000308_person_2_person_4,000000000308.jpg,000000000308,person_2,"[380, 43, 568, 421]",person_4,"[335, 79, 387, 261]",0.016074898427839605,-0.08406816308861248,283,9,288,person_2 overlaps and is below person_4
000000000308_person_2_wine_glass_2,000000000308.jpg,000000000308,person_2,"[380, 43, 568, 421]",wine_glass_2,"[229, 150, 264, 220]",0.0,-0.42630831421391896,311,0,0,person_2 is to the right of wine_glass_2
000000000308_person_3_wine_glass_1,000000000308.jpg,000000000308,person_3,"[135, 21, 275, 419]",wine_glass_1,"[362, 220, 397, 286]",0.0,-0.4434961064866316,139,180,180,person_3 is to the left of wine_glass_1
000000000308_person_3_person_4,000000000308.jpg,000000000308,person_3,"[135, 21, 275, 419]",person_4,"[335, 79, 387, 261]",0.0,-0.3500837520938023,223,180,180,person_3 is to the left of person_4
000000000308_person_3_wine_glass_2,000000000308.jpg,000000000308,person_3,"[135, 21, 275, 419]",wine_glass_2,"[229, 150, 264, 220]",0.04396984924623116,0.04396984924623116,248,225,247,person_3 overlaps and is below wine_glass_2
000000000308_person_4_wine_glass_1,000000000308.jpg,000000000308,person_4,"[335, 79, 387, 261]",wine_glass_1,"[362, 220, 397, 286]",0.09535770769373896,-0.06710138534038913,99,93,100,person_4 overlaps and is above wine_glass_1
000000000308_wine_glass_1_wine_glass_2,000000000308.jpg,000000000308,wine_glass_1,"[362, 220, 397, 286]",wine_glass_2,"[229, 150, 264, 220]",0.0,-0.7916666666666666,333,333,333,wine_glass_1 is to the right of wine_glass_2
000000000308_person_4_wine_glass_2,000000000308.jpg,000000000308,person_4,"[335, 79, 387, 261]",wine_glass_2,"[229, 150, 264, 220]",0.0,-0.5856864654333008,29,0,0,person_4 is to the right of wine_glass_2
000000000315_person_1_person_2,000000000315.jpg,000000000315,person_1,"[334, 137, 394, 340]",person_2,"[480, 138, 542, 333]",0.0,-0.42520841227737777,229,180,180,person_1 is to the left of person_2
000000000315_person_1_umbrella_1,000000000315.jpg,000000000315,person_1,"[334, 137, 394, 340]",umbrella_1,"[144, 109, 319, 205]",0.0,-0.49818181818181817,323,340,340,person_1 is to the right of umbrella_1
000000000315_person_1_umbrella_2,000000000315.jpg,000000000315,person_1,"[334, 137, 394, 340]",umbrella_2,"[373, 133, 429, 157]",0.03205128205128205,-0.30158716188464474,255,181,248,person_1 overlaps and is below umbrella_2
000000000315_person_1_umbrella_3,000000000315.jpg,000000000315,person_1,"[334, 137, 394, 340]",umbrella_3,"[284, 115, 369, 134]",0.0,-0.44262626262626265,285,290,290,person_1 is below umbrella_3
000000000315_person_1_umbrella_4,000000000315.jpg,000000000315,person_1,"[334, 137, 394, 340]",umbrella_4,"[466, 106, 529, 127]",0.0,-0.7040762656147271,247,218,218,person_1 is below and to the left of umbrella_4
000000000315_person_1_umbrella_5,000000000315.jpg,000000000315,person_1,"[334, 137, 394, 340]",umbrella_5,"[428, 45, 463, 134]",0.0,-0.5980817238207857,250,236,236,person_1 is below and to the left of umbrella_5
000000000315_person_2_umbrella_1,000000000315.jpg,000000000315,person_2,"[480, 138, 542, 333]",umbrella_1,"[144, 109, 319, 205]",0.0,-0.6759466977745873,334,347,347,person_2 is to the right of umbrella_1
000000000315_person_2_umbrella_2,000000000315.jpg,000000000315,person_2,"[480, 138, 542, 333]",umbrella_2,"[373, 133, 429, 157]",0.0,-0.6025443786982249,285,229,285,person_2 is below umbrella_2
000000000315_person_2_umbrella_3,000000000315.jpg,000000000315,person_2,"[480, 138, 542, 333]",umbrella_3,"[284, 115, 369, 134]",0.0,-0.7563295640423867,305,339,339,person_2 is to the right of umbrella_3
000000000315_person_2_umbrella_4,000000000315.jpg,000000000315,person_2,"[480, 138, 542, 333]",umbrella_4,"[466, 106, 529, 127]",0.0,-0.2225249246464178,270,270,270,person_2 is below umbrella_4
000000000315_person_2_umbrella_5,000000000315.jpg,000000000315,person_2,"[480, 138, 542, 333]",umbrella_5,"[428, 45, 463, 134]",0.0,-0.536884746588694,270,270,270,person_2 is below umbrella_5
000000000315_umbrella_1_umbrella_2,000000000315.jpg,000000000315,umbrella_1,"[144, 109, 319, 205]",umbrella_2,"[373, 133, 429, 157]",0.0,-0.3368421052631579,190,180,180,umbrella_1 is to the left of umbrella_2
000000000315_umbrella_1_umbrella_3,000000000315.jpg,000000000315,umbrella_1,"[144, 109, 319, 205]",umbrella_3,"[284, 115, 369, 134]",0.037464788732394366,-0.14077595200834636,200,103,200,umbrella_1 overlaps and is to the left of umbrella_3
000000000315_umbrella_1_umbrella_4,000000000315.jpg,000000000315,umbrella_1,"[144, 109, 319, 205]",umbrella_4,"[466, 106, 529, 127]",0.0,-0.5245179063360882,196,182,182,umbrella_1 is to the left of umbrella_4
000000000315_umbrella_1_umbrella_5,000000000315.jpg,000000000315,umbrella_1,"[144, 109, 319, 205]",umbrella_5,"[428, 45, 463, 134]",0.0,-0.6098158307210031,198,199,199,umbrella_1 is to the left of umbrella_5
000000000315_umbrella_2_umbrella_3,000000000315.jpg,000000000315,umbrella_2,"[373, 133, 429, 157]",umbrella_3,"[284, 115, 369, 134]",0.0,-0.5141215106732349,347,340,340,umbrella_2 is to the right of umbrella_3
000000000315_umbrella_2_umbrella_4,000000000315.jpg,000000000315,umbrella_2,"[373, 133, 429, 157]",umbrella_4,"[466, 106, 529, 127]",0.0,-0.6647812971342383,219,270,270,umbrella_2 is below umbrella_4
000000000315_umbrella_2_umbrella_5,000000000315.jpg,000000000315,umbrella_2,"[373, 133, 429, 157]",umbrella_5,"[428, 45, 463, 134]",0.00022431583669807088,-0.5575137794013972,243,189,270,umbrella_2 overlaps and is below umbrella_5
000000000315_umbrella_3_umbrella_4,000000000315.jpg,000000000315,umbrella_3,"[284, 115, 369, 134]",umbrella_4,"[466, 106, 529, 127]",0.0,-0.5717201166180758,184,185,185,umbrella_3 is to the left of umbrella_4
000000000315_umbrella_3_umbrella_5,000000000315.jpg,000000000315,umbrella_3,"[284, 115, 369, 134]",umbrella_5,"[428, 45, 463, 134]",0.0,-0.7030945954428472,207,180,180,umbrella_3 is to the left of umbrella_5
000000000315_umbrella_4_umbrella_5,000000000315.jpg,000000000315,umbrella_4,"[466, 106, 529, 127]",umbrella_5,"[428, 45, 463, 134]",0.0,-0.5062854600066748,270,244,270,umbrella_4 is below umbrella_5
000000000885_person_1_tennis_racket_1,000000000885.jpg,000000000885,person_1,"[272, 177, 409, 399]",tennis_racket_1,"[396, 271, 473, 307]",0.01430405281496424,-0.25247018410852645,143,91,143,person_1 overlaps and is above and to the left of tennis_racket_1
000000000885_person_2_tennis_racket_1,000000000885.jpg,000000000885,person_2,"[594, 37, 639, 244]",tennis_racket_1,"[396, 271, 473, 307]",0.0,-0.8157750342935528,84,90,90,person_2 is above tennis_racket_1
000000000885_person_3_tennis_racket_1,000000000885.jpg,000000000885,person_3,"[299, 91, 398, 250]",tennis_racket_1,"[396, 271, 473, 307]",0.0,-0.5074233716475096,118,118,118,person_3 is above tennis_racket_1
000000000885_person_4_tennis_racket_1,000000000885.jpg,000000000885,person_4,"[409, 0, 485, 12]",tennis_racket_1,"[396, 271, 473, 307]",0.0,-0.8651685393258427,88,90,90,person_4 is above tennis_racket_1
000000000885_person_1_person_2,000000000885.jpg,000000000885,person_1,"[272, 177, 409, 399]",person_2,"[594, 37, 639, 244]",0.0,-0.7009574420040044,245,211,211,person_1 is below and to the left of person_2
000000000885_person_1_person_3,000000000885.jpg,000000000885,person_1,"[272, 177, 409, 399]",person_3,"[299, 91, 398, 250]",0.18565043156596794,0.10820233222005837,264,192,264,person_1 overlaps and is below person_3
000000000885_person_1_person_4,000000000885.jpg,000000000885,person_1,"[272, 177, 409, 399]",person_4,"[409, 0, 485, 12]",0.0,-0.6314024497864379,251,264,264,person_1 is below person_4
000000000885_person_2_person_3,000000000885.jpg,000000000885,person_2,"[594, 37, 639, 244]",person_3,"[299, 91, 398, 250]",0.0,-0.6540182270091135,42,6,6,person_2 is to the right of person_3
000000000885_person_2_person_4,000000000885.jpg,000000000885,person_2,"[594, 37, 639, 244]",person_4,"[409, 0, 485, 12]",0.0,-0.8177655024946543,274,270,270,person_2 is below person_4
000000000885_person_3_person_4,000000000885.jpg,000000000885,person_3,"[299, 91, 398, 250]",person_4,"[409, 0, 485, 12]",0.0,-0.6418709677419355,245,252,252,person_3 is below person_4
000000001296_person_1_cell_phone_1,000000001296.jpg,000000001296,person_1,"[14, 7, 418, 643]",cell_phone_1,"[297, 143, 372, 279]",0.0396973659630114,0.0396973659630114,210,134,210,person_1 overlaps and is to the left of cell_phone_1
000000001296_person_1_person_2,000000001296.jpg,000000001296,person_1,"[14, 7, 418, 643]",person_2,"[274, 20, 402, 214]",0.09664362662681363,0.09664362662681363,224,134,224,person_1 overlaps and is below and to the left of person_2
000000001296_person_2_cell_phone_1,000000001296.jpg,000000001296,person_2,"[274, 20, 402, 214]",cell_phone_1,"[297, 143, 372, 279]",0.1792506816575218,0.07533538242972258,82,3,82,person_2 overlaps and is above cell_phone_1
000000001490_person_1_surfboard_1,000000001490.jpg,000000001490,person_1,"[449, 120, 500, 235]",surfboard_1,"[346, 230, 577, 245]",0.02809917355371901,-0.6576151121605667,90,242,90,person_1 overlaps and is above surfboard_1
000000001584_person_1_bus_1,000000001584.jpg,000000001584,person_1,"[76, 376, 97, 429]",bus_1,"[120, 94, 545, 518]",0.0,-0.08821961620469083,213,180,180,person_1 is to the left of bus_1
000000001584_bus_1_bus_2,000000001584.jpg,000000001584,bus_1,"[120, 94, 545, 518]",bus_2,"[565, 314, 606, 401]",0.0,-0.10820424722416337,153,180,180,bus_1 is to the left of bus_2
000000001584_person_2_bus_1,000000001584.jpg,000000001584,person_2,"[113, 384, 127, 428]",bus_1,"[120, 94, 545, 518]",0.0017062955658474971,-0.012815891715773747,216,96,215,person_2 overlaps and is below and to the left of bus_1
000000001584_person_1_bus_2,000000001584.jpg,000000001584,person_1,"[76, 376, 97, 429]",bus_2,"[565, 314, 606, 401]",0.0,-0.9232157506152584,186,184,184,person_1 is to the left of bus_2
000000001584_person_1_person_2,000000001584.jpg,000000001584,person_1,"[76, 376, 97, 429]",person_2,"[113, 384, 127, 428]",0.0,-0.36034036256011837,169,180,180,person_1 is to the left of person_2
000000001584_person_2_bus_2,000000001584.jpg,000000001584,person_2,"[113, 384, 127, 428]",bus_2,"[565, 314, 606, 401]",0.0,-0.9255720436995125,188,184,184,person_2 is to the left of bus_2
000000002006_person_1_bus_1,000000002006.jpg,000000002006,person_1,"[8, 255, 54, 358]",bus_1,"[43, 70, 594, 424]",0.005703240225713408,-0.03664553823980017,204,96,203,person_1 overlaps and is to the left of bus_1
000000002006_person_2_bus_1,000000002006.jpg,000000002006,person_2,"[316, 192, 378, 258]",bus_1,"[43, 70, 594, 424]",0.02097880586914393,0.02097880586914393,31,9,31,person_2 overlaps and is above and to the right of bus_1
000000002006_person_1_person_2,000000002006.jpg,000000002006,person_1,"[8, 255, 54, 358]",person_2,"[316, 192, 378, 258]",0.0,-0.8562357538261153,196,193,193,person_1 is to the left of person_2
000000002153_person_1_baseball_bat_1,000000002153.jpg,000000002153,person_1,"[290, 278, 449, 444]",baseball_bat_1,"[374, 183, 456, 238]",0.0,-0.2867100586253058,249,264,264,person_1 is below baseball_bat_1
000000002153_person_1_person_2,000000002153.jpg,000000002153,person_1,"[290, 278, 449, 444]",person_2,"[172, 0, 236, 121]",0.0,-0.7224282043776629,299,298,298,person_1 is below person_2
000000002153_person_2_baseball_bat_1,000000002153.jpg,000000002153,person_2,"[172, 0, 236, 121]",baseball_bat_1,"[374, 183, 456, 238]",0.0,-0.8187063557817493,144,146,146,person_2 is above and to the left of baseball_bat_1
000000002261_person_1_surfboard_1,000000002261.jpg,000000002261,person_1,"[282, 150, 384, 267]",surfboard_1,"[267, 249, 351, 289]",0.08838599487617421,-0.04756678136437181,68,8,69,person_1 overlaps and is above surfboard_1
000000002473_person_1_person_2,000000002473.jpg,000000002473,person_1,"[117, 343, 145, 385]",person_2,"[443, 279, 498, 379]",0.0,-0.8346951914029614,191,182,182,person_1 is to the left of person_2
000000002473_person_1_person_3,000000002473.jpg,000000002473,person_1,"[117, 343, 145, 385]",person_3,"[256, 91, 363, 247]",0.0,-0.7529450804712129,229,226,226,person_1 is below and to the left of person_3
000000002473_person_1_person_4,000000002473.jpg,000000002473,person_1,"[117, 343, 145, 385]",person_4,"[30, 327, 59, 354]",0.0,-0.7062968515742128,344,346,346,person_1 is to the right of person_4
000000002473_person_1_skis_1,000000002473.jpg,000000002473,person_1,"[117, 343, 145, 385]",skis_1,"[284, 215, 329, 263]",0.0,-0.9074361820199778,216,215,215,person_1 is below and to the left of skis_1
000000002473_person_2_person_3,000000002473.jpg,000000002473,person_2,"[443, 279, 498, 379]",person_3,"[256, 91, 363, 247]",0.0,-0.6815886134067952,304,309,309,person_2 is below and to the right of person_3
000000002473_person_2_person_4,000000002473.jpg,000000002473,person_2,"[443, 279, 498, 379]",person_4,"[30, 327, 59, 354]",0.0,-0.8657478632478632,7,0,0,person_2 is to the right of person_4
000000002473_person_2_skis_1,000000002473.jpg,000000002473,person_2,"[443, 279, 498, 379]",skis_1,"[284, 215, 329, 263]",0.0,-0.7817415090038751,319,329,329,person_2 is below and to the right of skis_1
000000002473_person_3_person_4,000000002473.jpg,000000002473,person_3,"[256, 91, 363, 247]",person_4,"[30, 327, 59, 354]",0.0,-0.8004658651046483,37,27,27,person_3 is to the right of person_4
000000002473_person_3_skis_1,000000002473.jpg,000000002473,person_3,"[256, 91, 363, 247]",skis_1,"[284, 215, 329, 263]",0.08270158511371468,0.028800259314975277,76,2,76,person_3 overlaps and is above skis_1
000000002473_person_4_skis_1,000000002473.jpg,000000002473,person_4,"[30, 327, 59, 354]",skis_1,"[284, 215, 329, 263]",0.0,-0.9291884218377806,201,201,201,person_4 is to the left of skis_1
000000003156_person_1_toilet_1,000000003156.jpg,000000003156,person_1,"[3, 19, 374, 617]",toilet_1,"[261, 225, 443, 600]",0.17105109129587096,0.11257207031684997,140,100,140,person_1 overlaps and is above and to the left of toilet_1
000000003553_person_1_skateboard_1,000000003553.jpg,000000003553,person_1,"[28, 0, 436, 305]",skateboard_1,"[168, 263, 378, 370]",0.0638713882250706,-0.0213829837940073,122,4,121,person_1 overlaps and is above and to the left of skateboard_1
000000003934_person_1_person_2,000000003934.jpg,000000003934,person_1,"[61, 135, 210, 466]",person_2,"[192, 109, 236, 224]",0.03035413153456998,-0.12487596050224475,236,187,234,person_1 overlaps and is below and to the left of person_2
000000003934_person_1_sofa_1,000000003934.jpg,000000003934,person_1,"[61, 135, 210, 466]",sofa_1,"[146, 207, 380, 378]",0.13961142507239535,-0.11799116610661006,160,96,160,person_1 overlaps and is to the left of sofa_1
000000003934_person_1_person_3,000000003934.jpg,000000003934,person_1,"[61, 135, 210, 466]",person_3,"[39, 72, 99, 330]",0.12911882067992123,-0.01908375004469065,299,277,299,person_1 overlaps and is below person_3
000000003934_person_1_person_4,000000003934.jpg,000000003934,person_1,"[61, 135, 210, 466]",person_4,"[95, 90, 155, 163]",0.032295891885657166,-0.03919132787730156,283,190,283,person_1 overlaps and is below person_4
000000003934_person_1_person_5,000000003934.jpg,000000003934,person_1,"[61, 135, 210, 466]",person_5,"[296, 133, 323, 191]",0.0,-0.41676409233661144,218,182,182,person_1 is to the left of person_5
000000003934_person_2_sofa_1,000000003934.jpg,000000003934,person_2,"[192, 109, 236, 224]",sofa_1,"[146, 207, 380, 378]",0.01687497179984659,-0.27893413441818155,125,4,108,person_2 overlaps and is above sofa_1
000000003934_person_2_person_3,000000003934.jpg,000000003934,person_2,"[192, 109, 236, 224]",person_3,"[39, 72, 99, 330]",0.0,-0.595876126392004,34,0,0,person_2 is to the right of person_3
000000003934_person_2_person_4,000000003934.jpg,000000003934,person_2,"[192, 109, 236, 224]",person_4,"[95, 90, 155, 163]",0.0,-0.5003704879856039,330,344,344,person_2 is to the right of person_4
000000003934_person_2_person_5,000000003934.jpg,000000003934,person_2,"[192, 109, 236, 224]",person_5,"[296, 133, 323, 191]",0.0,-0.5601725854629936,196,180,180,person_2 is to the left of person_5
000000003934_person_3_sofa_1,000000003934.jpg,000000003934,person_3,"[39, 72, 99, 330]",sofa_1,"[146, 207, 380, 378]",0.0,-0.46817319303087807,152,161,161,person_3 is to the left of sofa_1
000000003934_person_4_sofa_1,000000003934.jpg,000000003934,person_4,"[95, 90, 155, 163]",sofa_1,"[146, 207, 380, 378]",0.0,-0.4591374269005848,135,119,119,person_4 is above sofa_1
000000003934_person_5_sofa_1,000000003934.jpg,000000003934,person_5,"[296, 133, 323, 191]",sofa_1,"[146, 207, 380, 378]",0.0,-0.27472527472527475,54,90,90,person_5 is above sofa_1
000000003934_person_3_person_4,000000003934.jpg,000000003934,person_3,"[39, 72, 99, 330]",person_4,"[95, 90, 155, 163]",0.014922322158626329,-0.3312418050800799,248,101,226,person_3 overlaps and is below and to the left of person_4
000000003934_person_3_person_5,000000003934.jpg,000000003934,person_3,"[39, 72, 99, 330]",person_5,"[296, 133, 323, 191]",0.0,-0.767359973796266,207,180,180,person_3 is to the left of person_5
000000003934_person_4_person_5,000000003934.jpg,000000003934,person_4,"[95, 90, 155, 163]",person_5,"[296, 133, 323, 191]",0.0,-0.7417926003126628,169,170,170,person_4 is to the left of person_5
000000004134_person_1_person_2,000000004134.jpg,000000004134,person_1,"[217, 50, 593, 417]",person_2,"[39, 46, 289, 426]",0.12791913558731266,0.10914657241041735,1,7,1,person_1 overlaps and is to the right of person_2
000000004134_person_1_tie_1,000000004134.jpg,000000004134,person_1,"[217, 50, 593, 417]",tie_1,"[394, 190, 434, 386]",0.05681488781958374,0.05681488781958374,124,228,125,person_1 overlaps and is above and to the left of tie_1
000000004134_person_1_person_3,000000004134.jpg,000000004134,person_1,"[217, 50, 593, 417]",person_3,"[289, 119, 338, 264]",0.05148849208649777,0.05148849208649777,291,4,291,person_1 overlaps and is below person_3
000000004134_person_1_person_4,000000004134.jpg,000000004134,person_1,"[217, 50, 593, 417]",person_4,"[472, 109, 523, 178]",0.025501478346570815,0.025501478346570815,234,245,234,person_1 overlaps and is below and to the left of person_4
000000004134_person_1_person_5,000000004134.jpg,000000004134,person_1,"[217, 50, 593, 417]",person_5,"[10, 109, 71, 264]",0.0,-0.31086973794289613,337,0,0,person_1 is to the right of person_5
000000004134_person_1_person_6,000000004134.jpg,000000004134,person_1,"[217, 50, 593, 417]",person_6,"[191, 133, 228, 244]",0.008667073638183392,-0.036447950695190606,313,10,315,person_1 overlaps and is below and to the right of person_6
000000004134_person_2_tie_1,000000004134.jpg,000000004134,person_2,"[39, 46, 289, 426]",tie_1,"[394, 190, 434, 386]",0.0,-0.31485676215856095,156,180,180,person_2 is to the left of tie_1
000000004134_person_2_person_3,000000004134.jpg,000000004134,person_2,"[39, 46, 289, 426]",person_3,"[289, 119, 338, 264]",0.0,-0.10134659390952297,218,97,180,person_2 is to the left of person_3
000000004134_person_2_person_4,000000004134.jpg,000000004134,person_2,"[39, 46, 289, 426]",person_4,"[472, 109, 523, 178]",0.0,-0.4643377555458895,214,180,180,person_2 is to the left of person_4
000000004134_person_2_person_5,000000004134.jpg,000000004134,person_2,"[39, 46, 289, 426]",person_5,"[10, 109, 71, 264]",0.04985175134428866,-0.011693240166746992,315,5,318,person_2 overlaps and is below and to the right of person_5
000000004134_person_2_person_6,000000004134.jpg,000000004134,person_2,"[39, 46, 289, 426]",person_6,"[191, 133, 228, 244]",0.04323157894736842,0.04323157894736842,237,225,236,person_2 overlaps and is below and to the left of person_6
000000004134_person_3_tie_1,000000004134.jpg,000000004134,person_3,"[289, 119, 338, 264]",tie_1,"[394, 190, 434, 386]",0.0,-0.6139739119204443,127,145,145,person_3 is above and to the left of tie_1
000000004134_person_4_tie_1,000000004134.jpg,000000004134,person_4,"[472, 109, 523, 178]",tie_1,"[394, 190, 434, 386]",0.0,-0.6821145719642907,84,90,90,person_4 is above tie_1
000000004134_person_5_tie_1,000000004134.jpg,000000004134,person_5,"[10, 109, 71, 264]",tie_1,"[394, 190, 434, 386]",0.0,-0.8527433417342143,163,167,167,person_5 is to the left of tie_1
000000004134_person_6_tie_1,000000004134.jpg,000000004134,person_6,"[191, 133, 228, 244]",tie_1,"[394, 190, 434, 386]",0.0,-0.8056734820019844,146,163,163,person_6 is to the left of tie_1
000000004134_person_3_person_4,000000004134.jpg,000000004134,person_3,"[289, 119, 338, 264]",person_4,"[472, 109, 523, 178]",0.0,-0.7070857457954232,214,186,186,person_3 is to the left of person_4
000000004134_person_3_person_5,000000004134.jpg,000000004134,person_3,"[289, 119, 338, 264]",person_5,"[10, 109, 71, 264]",0.0,-0.6742722265932337,359,0,0,person_3 is to the right of person_5
000000004134_person_3_person_6,000000004134.jpg,000000004134,person_3,"[289, 119, 338, 264]",person_6,"[191, 133, 228, 244]",0.0,-0.4739854562514661,351,0,0,person_3 is to the right of person_6
000000004134_person_4_person_5,000000004134.jpg,000000004134,person_4,"[472, 109, 523, 178]",person_5,"[10, 109, 71, 264]",0.0,-0.8368358171414199,12,0,0,person_4 is to the right of person_5
000000004134_person_4_person_6,000000004134.jpg,000000004134,person_4,"[472, 109, 523, 178]",person_6,"[191, 133, 228, 244]",0.0,-0.8298527443105757,16,7,7,person_4 is to the right of person_6
000000004134_person_5_person_6,000000004134.jpg,000000004134,person_5,"[10, 109, 71, 264]",person_6,"[191, 133, 228, 244]",0.0,-0.5986386504883101,173,180,180,person_5 is to the left of person_6
000000004395_person_1_tie_1,000000004395.jpg,000000004395,person_1,"[18, 17, 402, 621]",tie_1,"[174, 270, 272, 654]",0.14626865671641792,0.10768447304294854,118,1,118,person_1 overlaps and is above tie_1
